{
  "l-l": {
    "drops": {
      "throughput": [
        32.471790807549404, 31.87128131620702, 0.016204720538951764,
        0.016203780985127064, 28.104977409614236, 0.016203036562304877,
        29.01215793034218, 0.016206186161213144, 27.723554716694693,
        45.75754466809724, 25.97858660841354, 28.937440059041872,
        35.36085506811676, 27.755828844390756, 0.016199909301540437,
        27.92364935889404, 33.564996571427415, 0.01620729392137758,
        49.84915792880835, 0.016207071815555023
      ]
    },
    "nodrops": {
      "throughput": [
        21.331300740174363, 52.04050653777383, 27.125643667801853,
        53.23786498289281, 54.55781204858436, 29.102476409083938,
        50.26738932771609, 50.34962963978356, 43.233235677083336,
        28.203346865665733, 28.679615386614657, 48.89588868107464,
        50.76749481423928, 42.4788112351231, 54.08056376212771,
        44.17468755980988, 45.15805451766304, 27.148968225395233,
        44.14796945104378
      ]
    }
  },
  "pi-rho": {
    "drops": {
      "throughput": [
        0.016189581365324293, 0.016193623104122475, 12.700422319417155,
        0.016193341076025727, 10.055390229480594, 0.016190712329545495,
        10.14390720575278, 0.016188741207247753, 10.862048872913133,
        10.141090666926509, 10.997037069037047, 0.01619002238510436,
        0.016192356591553485, 0.016191843769507344, 9.222361633750019,
        12.917025951532517, 0.016192113440234166, 0.01618126099889958,
        0.016187210823329277
      ]
    },
    "nodrops": {
      "throughput": [
        8.069957191567552, 11.232073132981032, 13.882433518235253,
        11.080312196451251, 10.652903525450345, 11.247309810897512,
        9.437539101303058, 9.306632300654838, 9.36144460796314,
        11.88768832300219, 12.245484917471543, 12.656336321256312,
        10.218981428619653, 10.565289665734065, 9.617285647179287,
        10.870005764063778, 11.420709442935301, 12.435646225363705,
        9.895355048832545, 12.266668630280424
      ]
    }
  }
}
