{
  "l-l": {
    "drops": {
      "throughput": [
        0.024256265776926394, 0.048334212845072465, 0.04832084875251444,
        8.406038671080639, 0.048303510050323045, 0.04807522577399365,
        0.009699442825628823, 0.010486288169532761, 0.04811539101822705,
        8.877426726873404, 8.321449080396382, 0.024117648913450307,
        9.599453349801443, 0.04828055535286329, 9.269777000139081,
        9.670638631415606, 9.443970229737737, 0.04826432201915185,
        7.02759831636465
      ]
    },
    "nodrops": {
      "throughput": [
        6.629435970866156, 6.72431916436169, 6.671070680732936,
        6.547525008012661, 9.421050136471335, 6.6604986967060835,
        6.805031679295063, 6.460138664391763, 7.866489739986449,
        8.61686943835258, 6.63508272136845, 6.744968745602975,
        6.764179507386877, 6.6602718180148, 6.653141679731539,
        7.719516801404097, 7.217333973966182, 7.205717376202656,
        8.438883308377253, 7.201364529099787
      ]
    }
  },
  "pi-rho": {
    "drops": {
      "throughput": [
        0.024137483166675938, 3.584729670395571, 3.6114680570671474,
        3.136401265798388, 0.04787835402326286, 3.450049149095985,
        0.011078091193872118, 3.398094868454973, 0.014878681818546494,
        0.037545930493477084, 0.04792639842519203, 0.024130479103173022,
        0.02414984106840913, 0.029725849951484338, 3.2647048447811264,
        3.1991840545580934, 0.04796961400565904, 0.047748312222382336,
        3.2714546909463134, 3.6657816968115386
      ]
    },
    "nodrops": {
      "throughput": [
        3.480437297465877, 3.170133610765261, 3.629039389423038,
        3.444330926881866, 3.164514116246622, 3.2069646759064825,
        3.6387940645114987, 3.332449503476904, 3.3171731458923395,
        3.351162056522828, 2.9973365009674855, 3.371281698924998,
        3.911765067237429, 3.614597358749548, 3.38402069243835,
        3.5153495925938034, 3.892840485170775, 3.8418323371574457,
        3.2150375611514823
      ]
    }
  }
}
