{
  "l-l": {
    "drops": {
      "throughput": [
        0.016197023036773863, 0.04831447908496595, 25.73484421027409,
        0.010815046865135224, 0.04841098655809895, 21.624212356012467,
        32.30390812099559, 0.012151061960523912, 0.048509243689273604,
        28.004617501786292, 24.006916926457333, 0.04825955982359586,
        0.048526383779600286, 27.56658080648622, 0.01619531708445158,
        0.04857805473624707, 0.016189658538552025, 45.80235693649094,
        44.081375232788815, 37.83763658049759
      ]
    },
    "nodrops": {
      "throughput": [
        22.991319597321787, 35.00808762648627, 43.3261881206393,
        35.223372695611275, 38.25887674187215, 31.140781715214473,
        41.577909667934975, 39.73289507983174, 41.922502507336795,
        24.82607962068706, 41.73534045654204, 37.27516702218813,
        41.16052521941429, 28.277059693251324, 43.84809212980551,
        38.792349201744216, 38.38329786407425, 44.85988322657745,
        36.663484382186425, 29.089435070928367
      ]
    }
  },
  "pi-rho": {
    "drops": {
      "throughput": [
        7.217737354453839, 7.8770088944908325, 8.998417436961667,
        0.010813222267909147, 8.118079002549587, 7.791222921227728,
        8.123819772787384, 7.796845187222103, 7.704786160393768,
        7.646736180346311, 0.04830687459724165, 0.04823761112794856,
        0.04830848569680024, 8.516818639037337, 0.01948400194055502,
        8.485416498511135, 7.885183961638741, 6.623886238750851,
        0.0483003832118803, 0.0482997879364669
      ]
    },
    "nodrops": {
      "throughput": [
        7.034757126015289, 7.491221834555194, 7.192905187861905,
        7.30494951489249, 8.486392691947827, 7.68854623087663, 8.58715982166308,
        8.103933820772344, 7.891812484516662, 8.196739745807177,
        8.299484197876167, 7.577610703288205, 7.245960300812326,
        7.26407871789299, 7.470319211787936, 7.662949336178536,
        8.115121030322005, 7.887206103380478, 7.123565170262633,
        8.323601588683674
      ]
    }
  }
}
